job_id	company	title	url	score	grade	date_seen	applied
afe7a5bcb000	ValueMomentum	Senior Data Analyst	https://in.linkedin.com/jobs/view/senior-data-analyst-at-valuemomentum-4399169195	4.1	A	2026-04-17	no
c98a988ff9c4	FedEx	Data Analyst-Senior II	https://in.linkedin.com/jobs/view/data-analyst-senior-ii-at-fedex-4401742499	4.4	A	2026-04-17	no
4bb12bae5d4b	EY	DQAA Senior Data Analyst	https://in.linkedin.com/jobs/view/dqaa-senior-data-analyst-at-ey-4399764381	4.1	A	2026-04-17	no
9bb9648caafe	EY	DQAA Senior Data Analyst	https://in.linkedin.com/jobs/view/dqaa-senior-data-analyst-at-ey-4399766081	4.1	A	2026-04-17	no
f96dba032766	EY	DQAA Senior Data Analyst	https://in.linkedin.com/jobs/view/dqaa-senior-data-analyst-at-ey-4399762992	4.1	A	2026-04-17	no
9e324a4bdb0f	EY	DQAA Senior Data Analyst	https://in.linkedin.com/jobs/view/dqaa-senior-data-analyst-at-ey-4399770037	4.1	A	2026-04-17	no
2d1a24da4f38	Kamakhya Analytics Private Limited	Senior Data Analyst	https://in.linkedin.com/jobs/view/senior-data-analyst-at-kamakhya-analytics-private-limited-4401883284	4.4	A	2026-04-17	no
59b6827c952a	FedEx	Data Analyst-Senior II	https://in.linkedin.com/jobs/view/data-analyst-senior-ii-at-fedex-4362466281	4.4	A	2026-04-17	no
2b362579c33c	Golden Opportunities	Business Data Analyst – Business process Lead/ Assistant Manager/Manager - Pune/Hyderabad - GO/JC/2485/2026	https://in.linkedin.com/jobs/view/business-data-analyst-%E2%80%93-business-process-lead-assistant-manager-manager-pune-hyderabad-go-jc-2485-2026-at-golden-opportunities-4383132185	4.7	A+	2026-04-17	no
d37fc39a00ea	EY	Data Engineering And Analytics - Business Analyst	https://in.linkedin.com/jobs/view/data-engineering-and-analytics-business-analyst-at-ey-4399944488	4.1	A	2026-04-17	no
04480cd8e441	MongoDB	Senior Data Analyst	https://in.linkedin.com/jobs/view/senior-data-analyst-at-mongodb-4402996925	4.4	A	2026-04-17	no
390f40b7af90	Comply	Senior Data Analyst [T500-25085]	https://in.linkedin.com/jobs/view/senior-data-analyst-t500-25085-at-comply-4400563041	4.4	A	2026-04-17	no
133c7523422d	Chevron	Senior Data Analyst	https://in.linkedin.com/jobs/view/senior-data-analyst-at-chevron-4400820824	4.4	A	2026-04-17	no
024f19ffd47b	NetApp	Staff Business Intelligence Analyst	https://in.linkedin.com/jobs/view/staff-business-intelligence-analyst-at-netapp-4391908048	3.6	B+	2026-04-17	no
db98f1a485e1	SBM Offshore	Business Data Analyst	https://in.linkedin.com/jobs/view/business-data-analyst-at-sbm-offshore-4391860674	4.1	A	2026-04-17	no
e529010953fc	AIONOS	Adobe Experience Platform (AEP)    Data Engineer	https://in.linkedin.com/jobs/view/adobe-experience-platform-aep-data-engineer-at-aionos-4402932491	4.7	A+	2026-04-17	no
b47443bc4d0a	Docusign	Software Engineer, Commerce Frontend	https://in.linkedin.com/jobs/view/software-engineer-commerce-frontend-at-docusign-4379148773	3.1	B	2026-04-17	no
ac95a28c20e5	Veeam Software	Senior Platform Engineer	https://in.linkedin.com/jobs/view/senior-platform-engineer-at-veeam-software-4402378384	3.6	B+	2026-04-17	no
b4e39a4e548b	Docusign	Sr. Software Engineer, Commerce Frontend	https://in.linkedin.com/jobs/view/sr-software-engineer-commerce-frontend-at-docusign-4379156314	3.1	B	2026-04-17	no
4bb6fb989c39	HighLevel	Staff Analytics Engineer – Customer Data Platform	https://in.linkedin.com/jobs/view/staff-analytics-engineer-%E2%80%93-customer-data-platform-at-highlevel-4387539949	4.4	A	2026-04-17	no
c878b3c0fca0	Veeam Software	Senior Platform Engineer	https://in.linkedin.com/jobs/view/senior-platform-engineer-at-veeam-software-4402365423	3.6	B+	2026-04-17	no
ad403ecfab97	PwC India	IN_Senior Associate_Azure DevOps Engineer_Digital Integration_Advisory_Kolkata	https://in.linkedin.com/jobs/view/in-senior-associate-azure-devops-engineer-digital-integration-advisory-kolkata-at-pwc-india-4402641852	3.6	B+	2026-04-17	no
2c6b12b2f29a	Teamware Solutions	MDM SAAS Engineer	https://in.linkedin.com/jobs/view/mdm-saas-engineer-at-teamware-solutions-4402903402	3.6	B+	2026-04-17	no
b59effe68d99	HighLevel	Staff Software Engineer - Platform Data Team	https://in.linkedin.com/jobs/view/staff-software-engineer-platform-data-team-at-highlevel-4377377412	4.4	A	2026-04-17	no
085a5ba88152	PwC India	IN_Senior Associate_Azure DevOps Engineer_Digital Integration_Advisory_Kolkata	https://in.linkedin.com/jobs/view/in-senior-associate-azure-devops-engineer-digital-integration-advisory-kolkata-at-pwc-india-4402652708	3.6	B+	2026-04-17	no
e05314f460ad	HighLevel	Lead Software Engineer - Platform Data Team	https://in.linkedin.com/jobs/view/lead-software-engineer-platform-data-team-at-highlevel-4377370559	4.7	A+	2026-04-17	no
cea885ea5671	Priceline	Senior Cloud Engineer	https://in.linkedin.com/jobs/view/senior-cloud-engineer-at-priceline-4399150369	3.6	B+	2026-04-17	no
132a87c97273	Docusign	Sr. Software Engineer, Commerce Backend	https://in.linkedin.com/jobs/view/sr-software-engineer-commerce-backend-at-docusign-4379643701	3.1	B	2026-04-17	no
48487a1fff4b	Docusign	Software Engineer, Commerce Backend	https://in.linkedin.com/jobs/view/software-engineer-commerce-backend-at-docusign-4379627081	3.1	B	2026-04-17	no
83776e2b7a47	LocalOps Inc	Forward Deployed SRE (Remote - India)	https://in.linkedin.com/jobs/view/forward-deployed-sre-remote-india-at-localops-inc-4398776741	3.1	B	2026-04-17	no
eb8f656a3227	Jobgether	Enterprise Architect, Data Integration and BI	https://in.linkedin.com/jobs/view/enterprise-architect-data-integration-and-bi-at-jobgether-4399142805	4.4	A	2026-04-17	no
607ac98684fe	The Depository Trust & Clearing Corporation (DTCC)	Data Governance Senior Associate	https://in.linkedin.com/jobs/view/data-governance-senior-associate-at-the-depository-trust-clearing-corporation-dtcc-4378773262	4.4	A	2026-04-17	no
fb866dc98b77	Nutanix	Senior Program Manager	https://in.linkedin.com/jobs/view/senior-program-manager-at-nutanix-4402312723	2.4	F	2026-04-17	no
4e4c0ce6dc9c	Jobgether	Senior Market Research Executive – Outbound	https://in.linkedin.com/jobs/view/senior-market-research-executive-%E2%80%93-outbound-at-jobgether-4401179815	3.6	B+	2026-04-17	no
6f4cabfc8503	HSBC	Associate Director, RC AI and Analytics	https://in.linkedin.com/jobs/view/associate-director-rc-ai-and-analytics-at-hsbc-4402929177	3.2	B	2026-04-17	no
b7a5a236ca7c	LTM	Associate Principal - Package Implementation	https://in.linkedin.com/jobs/view/associate-principal-package-implementation-at-ltm-4399956089	2.4	F	2026-04-17	no
7af73b18c085	EY	TechOps - DE - AMS - Automation And AIOps - Manager	https://in.linkedin.com/jobs/view/techops-de-ams-automation-and-aiops-manager-at-ey-4399508291	3.6	B+	2026-04-17	no
7ffe54680ce2	Alignerr	Hospital Health Data Governance Lead	https://in.linkedin.com/jobs/view/hospital-health-data-governance-lead-at-alignerr-4400696194	4.4	A	2026-04-17	no
9ea04e081618	Hadron Talent -Hadronfinsys	Project Manager MDG	https://in.linkedin.com/jobs/view/project-manager-mdg-at-hadron-talent-hadronfinsys-4401706907	3.6	B+	2026-04-17	no
aa676efeb0b4	Natus Sensory	Salesforce Architect (Revenue Cloud, Service Cloud, Sales Cloud)	https://in.linkedin.com/jobs/view/salesforce-architect-revenue-cloud-service-cloud-sales-cloud-at-natus-sensory-4402281332	3.6	B+	2026-04-17	no
65b64d1bde35	Dentsu Global Services	Senior Full-Stack Commerce Platform Engineer	https://in.linkedin.com/jobs/view/senior-full-stack-commerce-platform-engineer-at-dentsu-global-services-4400708958	2.4	F	2026-04-17	no
9b0bcd2b8af2	Godrej Industries Group	Senior Officer/Executive - HR	https://in.linkedin.com/jobs/view/senior-officer-executive-hr-at-godrej-industries-group-4403113556	3.6	B+	2026-04-17	no
65f8292a219c	Dreampath Services	Senior Analyst – Data Engineer With GCP	https://in.linkedin.com/jobs/view/senior-analyst-%E2%80%93-data-engineer-with-gcp-at-dreampath-services-4401857710	4.7	A+	2026-04-17	no
4a5cc2c23dc5	Ramboll	Senior Data Analyst	https://in.linkedin.com/jobs/view/senior-data-analyst-at-ramboll-4402252285	4.4	A	2026-04-17	no
265681785e1b	Momentum Financial Services Group	Senior Data Analyst, Cards	https://in.linkedin.com/jobs/view/senior-data-analyst-cards-at-momentum-financial-services-group-4402247936	3.2	B	2026-04-17	no
85132c05de13	CONMED Corporation	Module Lead - Production Planning	https://in.linkedin.com/jobs/view/module-lead-production-planning-at-conmed-corporation-4390749093	3.9	B+	2026-04-17	no
cfa4727ebceb	Siemens	Power BI Data Analyst / BI Developer	https://in.linkedin.com/jobs/view/power-bi-data-analyst-bi-developer-at-siemens-4402720819	4.4	A	2026-04-17	no
cc7da7624e90	Priceline	Senior Site Reliability Engineer, Observability	https://in.linkedin.com/jobs/view/senior-site-reliability-engineer-observability-at-priceline-4402743448	3.6	B+	2026-04-18	no
